[
    {
        "index": 1,
        "timestamp": 1745235296.0990064,
        "votes": [],
        "proof": 100,
        "previous_hash": "1"
    },
    {
        "index": 2,
        "timestamp": 1745240487.0804083,
        "votes": [],
        "proof": 35293,
        "previous_hash": "90328363cfa557f4dfab054fc6496f8095a1cee521ffecdada482e5523ef3434"
    },
    {
        "index": 3,
        "timestamp": 1745240498.994602,
        "votes": [],
        "proof": 35089,
        "previous_hash": "ad38878ab0731b467cbbaaf7974989882909a702bee6e7c3823e17b87cb39837"
    },
    {
        "index": 4,
        "timestamp": 1745240510.6664133,
        "votes": [],
        "proof": 119678,
        "previous_hash": "a3b2f2ae4e63735852bf674db81e27fd3da0585685dd1501a3003f2535903c6e"
    },
    {
        "index": 5,
        "timestamp": 1745240537.7279553,
        "votes": [],
        "proof": 146502,
        "previous_hash": "ab885a7714240f473b47b74b3f06341cecfec837cf261b766ff697d805d6b5e5"
    },
    {
        "index": 6,
        "timestamp": 1745241511.1181874,
        "votes": [],
        "proof": 43538,
        "previous_hash": "63f186d2b87abd739e9d93a1f96ad6fb020e27dd47639d5c327684bbd6ab971f"
    },
    {
        "index": 7,
        "timestamp": 1745241539.0799022,
        "votes": [],
        "proof": 85724,
        "previous_hash": "fe5d38783fefbb01b877087ea2f45c108b567f0c9a896c3741e677a1521deb36"
    },
    {
        "index": 8,
        "timestamp": 1745241930.1641848,
        "votes": [],
        "proof": 51178,
        "previous_hash": "fcc8b175d848ff823b4482f461a4a78e18b5681b3ebefcabba92214e536dcfd9"
    },
    {
        "index": 9,
        "timestamp": 1745241952.3490496,
        "votes": [],
        "proof": 71730,
        "previous_hash": "b05ee6c814a75d419f95ab337eb21df51bac1ba0721d1fced178e1d40902f096"
    },
    {
        "index": 10,
        "timestamp": 1745320923.4551752,
        "votes": [
            {
                "voter_id": "4fc82b26aecb47d2868c4efbe3581732a3e7cbcc6c2efb32062c08170a05eeb8",
                "candidate": "Rahul"
            }
        ],
        "proof": 55589,
        "previous_hash": "85adae0b604d0005f8e487708079282fe011c1240341b49ccdeaf5dc7265842b"
    },
    {
        "index": 11,
        "timestamp": 1745321134.885222,
        "votes": [
            {
                "voter_id": "6b51d431df5d7f141cbececcf79edf3dd861c3b4069f0b11661a3eefacbba918",
                "candidate": "Rahul"
            }
        ],
        "proof": 35704,
        "previous_hash": "707df33d5c8186f3bc2f3055bd0dc56793fda7bdcc69f597c9bd831596366230"
    },
    {
        "index": 12,
        "timestamp": 1745321165.9918602,
        "votes": [
            {
                "voter_id": "6f4b6612125fb3a0daecd2799dfd6c9c299424fd920f9b308110a2c1fbd8f443",
                "candidate": "noel"
            }
        ],
        "proof": 57342,
        "previous_hash": "69ad47f1276d4444396c45ea18f1e178eea83a3a3a4523c9a20fb57c943311e9"
    },
    {
        "index": 13,
        "timestamp": 1745321208.1909633,
        "votes": [
            {
                "voter_id": "535fa30d7e25dd8a49f1536779734ec8286108d115da5045d77f3b4185d8f790",
                "candidate": "rosh"
            }
        ],
        "proof": 68975,
        "previous_hash": "a2befd92610340ac3f89fb759f97f30af0f4cbe22f838973da68eca9148bf2bf"
    },
    {
        "index": 14,
        "timestamp": 1745321236.703234,
        "votes": [
            {
                "voter_id": "eb1e33e8a81b697b75855af6bfcdbcbf7cbbde9f94962ceaec1ed8af21f5a50f",
                "candidate": "aparna"
            }
        ],
        "proof": 153122,
        "previous_hash": "7fc4ac4dbf60f8f8a8ee3ca8a9355901436f6ebd9039f90fa1153beb1876e2bc"
    }
]